{
  "input_datatypes": [],
  "output_datatype": "content_template_output",
  "input_groups": [
    {
      "name": "cloud",
      "label": "Cloud Input Variables"
    },
    {
      "name": "virtualmachine",
      "label": "Virtual Machine Input Variables"
    },
    {
      "name": "ssh_keys",
      "label": "SSH Keys"
    },
    {
      "name": "environment",
      "label": "Environment"
    }
  ],
  "output_groups": [
    {
      "name": "content_template_output",
      "label": "Outputs"
    }
  ],
 "template_input_params": [ 
 {
      "name": "vm_ipaddress_to_ssh_to",
      "type": "string",
      "description": "A unique VM name.",
      "hidden": false,
      "label": "A unique VM name.",
      "secured": false,
      "required": true,
      "immutable": false,
      "group_name": "virtualmachine"
    },
    
    {
      "name": "vm_user_name_to_ssh_to",
      "type": "string",
      "description": "user name to connect to the VM.",
      "hidden": false,
      "label": "VM user name.",
      "secured": false,
      "required": true,
      "immutable": false,
      "group_name": "virtualmachine"
    },
    
    {
      "name": "vm_user_password_to_ssh_to",
      "type": "string",
      "description": "user password to connect to the VM.",
      "hidden": false,
      "label": "VM user password.",
      "secured": false,
      "required": true,
      "immutable": false,
      "group_name": "virtualmachine"
    }
    ],

  "template_output_params": [
    
    {
      "name": "stack_id",
      "label": "Generated Stack ID",
      "description": "The generated stack id",
      "type": "string",
      "hidden": false,
      "secured": false,
      "group_name": "content_template_output"
    }
  ]
}
