{
  "input_datatypes": [],
  "output_datatype": "content_template_output",
  "input_groups": [
    {
      "name": "ovpnapi",
      "label": "OpenVPN API Host Cloud Input Variables"
    },
    {
      "name": "project",
      "label": "Project Input Variables"
    }
  ],
  "output_groups": [
    {
      "name": "content_template_output",
      "label": "Outputs"
    }
  ],
 "template_input_params": [ 
  {
      "name": "ovpnapi_host_ipaddress",
      "type": "string",
      "description": "OpenVPN API Host IP Address",
      "default": "10.7.33.4",
      "hidden": false,
      "label": "OpenVPN API Host IP Address ",
      "secured": false,
      "required": true,
      "immutable": false,
      "group_name": "ovpnapi"
    },
    {
      "name": "ovpnapi_host_user",
      "type": "string",
      "description": "OpenVPN API Host User",
      "default": "GBS-Digital-Platform",
      "hidden": false,
      "label": "OpenVPN API Host User ",
      "secured": false,
      "required": true,
      "immutable": false,
      "group_name": "ovpnapi"
    },
    {
      "name": "ovpnapi_host_password",
      "type": "password",
      "description": "OpenVPN API Host User Password",
      "default":"r9j9y7qn",
      "hidden": false,
      "label": "OpenVPN API Host User Password ",
      "secured": true,
      "required": false,
      "immutable": false,
      "group_name": "ovpnapi"
    },
    {
      "name": "ovpnapi_host_private_key",
      "type": "string",
      "description": "OpenVPN API Host User Private Key (b64 encoded)",
      "hidden": false,
      "label": "OpenVPN API Host User Private Key (b64 encoded) ",
      "secured": false,
      "required": false,
      "immutable": false,
      "group_name": "ovpnapi"
    },
    
    {
      "name": "project_name",
      "type": "string",
      "description": "Name of the project",
      "hidden": false,
      "label": "Name of the Project ",
      "secured": false,
      "required": true,
      "immutable": false,
      "group_name": "project"
    },
    {
      "name": "project_duration",
      "type": "string",
      "description": "Duration of the project (in days)",
      "hidden": false,
      "label": "Duration of the project (in days) ",
      "secured": false,
      "required": true,
      "immutable": false,
      "group_name": "project"
    },
     {
      "name": "project_certificates_qty",
      "type": "string",
      "description": "Number of certificates for the project (1..100)",
      "hidden": false,
      "label": "Number of certificates for the project (1..100) ",
      "secured": false,
      "required": true,
      "immutable": false,
      "regex":"^0*(?:[1-9][0-9]?|100)$",
      "group_name": "project"
    },
     {
      "name": "project_mails",
      "type": "string",
      "description": "Recipient mails for the project (space separated)",
      "hidden": false,
      "label": "Recipient mails for the project (space separated, first one MUST be an IBM mail) ",
      "secured": false,
      "required": true,
      "immutable": false,
      "regex": "([a-zA-Z0-9_.+-]+@([a-zA-Z0-9-]+\\.)*ibm\\.com *)( *[a-zA-Z0-9_.+-]+@[a-zA-Z0-9-]+\\.[a-zA-Z0-9-.]+)*",
      "group_name": "project"
    },
     {
      "name": "project_ips",
      "type": "string",
      "description": "Allowed IP addresses (CIDR / space separated)",
      "hidden": false,
      "label": "Allowed IP addresses (CIDR / space separated) ",
      "secured": false,
      "required": true,
      "immutable": false,
      "group_name": "project"
    }
  ],

  "template_output_params": [
    
    {
      "name": "stack_id",
      "label": "Generated Stack ID",
      "description": "The generated stack id",
      "type": "string",
      "hidden": false,
      "secured": false,
      "group_name": "content_template_output"
    },
    
    {
      "name": "HANA_database_backup_name",
      "label": "HANA database backup",
      "description": "HANA database backup",
      "type": "string",
      "hidden": false,
      "secured": false,
      "group_name": "content_template_output"
    }
  ]
}
