{
  "input_datatypes": [],
  "output_datatype": "content_template_output",
  "input_groups": [
    {
      "name": "cloud",
      "label": "Cloud Input Variables"
    },
    {
      "name": "virtualmachine",
      "label": "Virtual Machine Input Variables"
    }
  ],
  "output_groups": [
    {
      "name": "content_template_output",
      "label": "Outputs"
    }
  ],
 "template_input_params": [ 
 {
      "name": "vm_recipient_email_address",
      "type": "string",
      "description": "email of the recipent for notification.",
      "hidden": false,
      "label": "recipient email address.",
      "secured": false,
      "required": true,
      "immutable": false,
      "group_name": "virtualmachine"
    },
    
    {
      "name": "vm_ipaddress_to_ssh_to",
      "type": "string",
      "description": "IP address of the VM deployed.",
      "hidden": false,
      "label": "VM deployed IP address.",
      "secured": false,
      "required": true,
      "immutable": false,
      "group_name": "virtualmachine"
    },
      
    {
      "name": "vm_HANA_backup_to_use",
      "type": "string",
      "description": "HANA database backup.",
      "hidden": false,
      "label": "HANA database backup image name.",
      "secured": false,
      "required": true,
      "immutable": false,
      "group_name": "virtualmachine"
    },
    
    {
      "name": "vm_service_name",
      "type": "string",
      "description": "Service name of the project.",
      "hidden": false,
      "label": "Service name of the project.",
      "secured": false,
      "required": true,
      "immutable": false,
      "group_name": "virtualmachine"
    },

    {
      "name": "vm_isNatted",
      "type": "string",
      "description": "Is the deployed VM natted (yes/no).",
      "default": "0",
      "hidden": false,
      "label": "Is the deployed VM natted (yes/no).",
      "secured": false,
      "options": [
        {
          "value": "no",
          "label": "No",
          "default": "true"
        },
        {
          "value": "no",
          "label": "Yes"
        }
      ],
      "required": true,
      "immutable": false,
      "group_name": "virtualmachine"
    }
    
    ]

}
