{
  "input_datatypes": [],
  "output_datatype": "content_template_output",
  "input_groups": [
    {
      "name": "cloud",
      "label": "Cloud Input Variables"
    },
    {
      "name": "virtualmachine",
      "label": "Virtual Machine Input Variables"
    },
    {
      "name": "ssh_keys",
      "label": "SSH Keys"
    },
    {
      "name": "environment",
      "label": "Environment"
    }
  ],
  "output_groups": [
    {
      "name": "content_template_output",
      "label": "Outputs"
    }
  ],
  "template_input_params": [
    {
      "name": "ibm_stack_name",
      "type": "string",
      "description": "A unique stack name.",
      "hidden": true,
      "label": "A unique stack name.",
      "secured": false,
      "required": true,
      "immutable": false,
      "group_name": "environment"
    },
    {
      "name": "vm_name",
      "type": "string",
      "description": "A unique VM name.",
      "hidden": false,
      "label": "A unique VM name.",
      "secured": false,
      "required": true,
      "immutable": false,
      "group_name": "virtualmachine"
    },
    {
      "name": "vm_ip_address",
      "type": "string",
      "description": "A unique IP address.",
      "hidden": false,
      "label": "A unique IP address.",
      "secured": false,
      "required": true,
      "immutable": false,
      "group_name": "virtualmachine"
    },
    {
      "name": "HANA_database_backup",
      "type": "string",
      "description": "HANA backup directory containing HANA database backup files",
      "hidden": false,
      "label": "HANA database Backup to use.",
      "secured": false,
      "required": true,
      "immutable": false,
      "group_name": "virtualmachine"
    },
    {
      "name":  "openstack_image_id",
      "type": "string",
      "description": "The ID of the image to be used for deploy operations.",
      "hidden": false,
      "label": "Openstack Image ID",
      "secured": false,
      "required": true,
      "immutable": false,
      "group_name": "virtualmachine"
    },
    {
      "name":  "number_of_instances",
      "type": "string",
      "description": "The number of instances to provision.",
      "hidden": false,
      "label": "Number of Instances to deploy",
      "secured": false,
      "required": true,
      "immutable": false,
      "group_name": "virtualmachine"
    },
    {
      "name":  "openstack_flavor_id",
      "type": "string",
      "description": "The ID of the flavor to be used for deploy operations.",
      "hidden": false,
      "label": "Openstack Flavor ID",
      "secured": false,
      "required": true,
      "immutable": false,
      "group_name": "virtualmachine"
    },
    {
      "name":  "openstack_network_name",
      "type": "string",
      "description": "The name of the network to be used for deploy operations.",
      "hidden": false,
      "label": "Openstack Network Name",
      "secured": false,
      "required": true,
      "immutable": false,
      "group_name": "virtualmachine"
    },
    {
      "name":  "image_id_username",
      "type": "string",
      "description": "The username to SSH into image ID",
      "hidden": false,
      "label": "Openstack Image Username",
      "secured": false,
      "required": true,
      "immutable": false,
      "group_name": "virtualmachine"
    },
    {
      "name":  "image_id_password",
      "type": "password",
      "description": "The password of the username to SSH into image ID",
      "hidden": false,
      "label": "Openstack Image Password",
      "secured": true,
      "required": true,
      "immutable": false,
      "group_name": "virtualmachine"
    },
    {
      "name": "recipient_email_address",
      "type": "string",
      "description": "email address of requestor.",
      "hidden": false,
      "label": "requestor email address.",
      "secured": false,
      "required": true,
      "immutable": false,
      "group_name": "virtualmachine"
    }

  ],
  "template_output_params": [
    {
      "name": "single-vm-ip",
      "label": "IP Addresss of Virtual Machine",
      "description": "The Public and Public IP address",
      "type": "string",
      "hidden": false,
      "secured": false,
      "group_name": "content_template_output"
    },
    {
      "name": "os-user-name",
      "label": "Operating system user name",
      "description": "user name to connect to the virtual machine",
      "type": "string",
      "hidden": false,
      "secured": false,
      "group_name": "content_template_output"
    },
    {
      "name": "os-user-password",
      "label": "Operating system user password",
      "description": "user password to connect to the virtual machine",
      "type": "password",
      "hidden": false,
      "secured": false,
      "group_name": "content_template_output"
    },
    {
      "name": "HANA-database-backup",
      "label": "Directory containing the HANA database Backup",
      "description": "Directory containing the HANA database Backup",
      "type": "string",
      "hidden": false,
      "secured": false,
      "group_name": "content_template_output"
    },
    {
      "name": "stack_id",
      "label": "Generated Stack ID",
      "description": "The generated stack id",
      "type": "string",
      "hidden": false,
      "secured": false,
      "group_name": "content_template_output"
    },
    {
      "name": "stack_name",
      "type": "string",
      "description": "Instance name of the deployment.",
      "hidden": true,
      "label": "Instance name of the deployment.",
      "secured": false,
      "required": true,
      "immutable": false,
      "group_name": "content_template_output"
    }
  ]
}
