{
  "input_datatypes": [],
  "output_datatype": "content_template_output",
  "input_groups": [
    {
      "name": "cloud",
      "label": "Cloud Input Variables"
    },
    {
      "name": "virtualmachine",
      "label": "Virtual Machine Input Variables"
    },
    {
      "name": "ssh_keys",
      "label": "SSH Keys"
    },
    {
      "name": "environment",
      "label": "Environment"
    }
  ],
  "output_groups": [
    {
      "name": "content_template_output",
      "label": "Outputs"
    }
  ],
 "template_input_params": [ 
 {
      "name": "vm_ipaddress_to_ssh_to",
      "type": "string",
      "description": "A unique VM name.",
      "hidden": false,
      "label": "A unique VM name.",
      "secured": false,
      "required": true,
      "immutable": false,
      "group_name": "virtualmachine"
    },
    
    {
      "name": "vm_user_name_to_ssh_to",
      "type": "string",
      "description": "user name to connect to the VM.",
      "hidden": false,
      "label": "VM user name.",
      "secured": false,
      "required": true,
      "immutable": false,
      "group_name": "virtualmachine"
    },
    
    {
      "name": "vm_user_password_to_ssh_to",
      "type": "string",
      "description": "user password to connect to the VM.",
      "hidden": false,
      "label": "VM user password.",
      "secured": false,
      "required": true,
      "immutable": false,
      "group_name": "virtualmachine"
    },
    
    {
      "name": "vm_HANA_backup_to_use",
      "type": "string",
      "description": "HANA database backup.",
      "hidden": false,
      "label": "HANA database backup image name.",
      "secured": false,
      "required": true,
      "immutable": false,
      "group_name": "virtualmachine"
    }, 

   {
      "name": "vm_HDB_SAPSYSTEM_ID",
      "type": "string",
      "description": "HANA SAP system ID SID.",
      "hidden": false,
      "label": "HANA SAP HANA SYSTEM ID.",
      "secured": false,
      "required": true,
      "immutable": false,
      "group_name": "virtualmachine"
    },

    {
      "name": "vm_HDB_SYSTEM_INSTANCE_NO",
      "type": "string",
      "description": "HANA SAP HANA SYSTEM Instance number.",
      "hidden": false,
      "label": "HANA SAP Instance number.",
      "secured": false,
      "required": true,
      "immutable": false,
      "group_name": "virtualmachine"
    }
    
    ],

  "template_output_params": [
    
    {
      "name": "stack_id",
      "label": "Generated Stack ID",
      "description": "The generated stack id",
      "type": "string",
      "hidden": false,
      "secured": false,
      "group_name": "content_template_output"
    },
    
    {
      "name": "HANA_database_backup_name",
      "label": "HANA database backup",
      "description": "HANA database backup",
      "type": "string",
      "hidden": false,
      "secured": false,
      "group_name": "content_template_output"
    }
  ]
}
