{
  "input_datatypes": [],
  "output_datatype": "content_template_output",
  "input_groups": [
    {
      "name": "cloud",
      "label": "Cloud Input Variables"
    },
    {
      "name": "virtualmachine",
      "label": "Virtual Machine Input Variables"
    },
    {
      "name": "ssh_keys",
      "label": "SSH Keys"
    },
    {
      "name": "environment",
      "label": "Environment"
    }
  ],
  "output_groups": [
    {
      "name": "content_template_output",
      "label": "Outputs"
    }
  ],
 "template_input_params": [ 
 {
      "name": "vm_ipaddress_to_ssh_to",
      "type": "string",
      "description": "A unique VM name.",
      "hidden": false,
      "label": "A unique VM name.",
      "secured": false,
      "required": true,
      "immutable": false,
      "group_name": "virtualmachine"
    },
    
    {
      "name": "vm_user_name_to_ssh_to",
      "type": "string",
      "description": "user name to connect to the VM.",
      "hidden": false,
      "label": "VM user name.",
      "secured": false,
      "required": true,
      "immutable": false,
      "group_name": "virtualmachine"
    },
    
    {
      "name": "vm_user_password_to_ssh_to",
      "type": "string",
      "description": "user password to connect to the VM.",
      "hidden": false,
      "label": "VM user password.",
      "secured": false,
      "required": true,
      "immutable": false,
      "group_name": "virtualmachine"
    },
    
    {
      "name": "vm_HANA_backup_to_use",
      "type": "string",
      "description": "HANA database backup.",
      "hidden": false,
      "label": "HANA database backup image name.",
      "secured": false,
      "required": true,
      "immutable": false,
      "group_name": "virtualmachine"
    }, 

   {
      "name": "vm_HDB_SAPSYSTEM_ID",
      "type": "string",
      "description": "HANA SAP system ID SID.",
      "hidden": false,
      "label": "HANA SAP HANA SYSTEM ID.",
      "secured": false,
      "required": true,
      "immutable": false,
      "group_name": "virtualmachine"
    },

    {
      "name": "vm_HDB_SYSTEM_INSTANCE_NO",
      "type": "string",
      "description": "HANA SAP HANA SYSTEM Instance number.",
      "hidden": false,
      "label": "HANA SAP Instance number.",
      "secured": false,
      "required": true,
      "immutable": false,
      "group_name": "virtualmachine"
    },
    {
     "name" : "vm_HDB_SYSTEM_Password",
     "type": "string",
     "description": "Password of user SYSTEM in HANA database.",
     "hidden": false,
     "label": "Password of user SYSTEM in HANA database.",
     "secured": false,
     "required": true,
     "immutable": false,
     "group_name": "virtualmachine"
    },
    {
     "name" : "vm_sidadm_Password",
     "type": "string",
     "description": "The password of the <sapsid>adm user.",
     "hidden": false,
     "label": "The password of the <sapsid>adm user.",
     "secured": false,
     "required": true,
     "immutable": false,
     "group_name": "virtualmachine"
    },
    {
     "name" : "vm_HDB_SYSTEM_TENANT_INSTANCE_NO",
     "type": "string",
     "description": "The HANA SYSTEMDB Instance number.",
     "hidden": false,
     "label": "The HANA SYSTEM Instance number.",
     "secured": false,
     "required": true,
     "immutable": false,
     "group_name": "virtualmachine"
    },
    {
     "name" : "vm_NW_SAPSYSTEM_ID",
     "type": "string",
     "description": "SAP Application System ID. ASCS - SID",
     "hidden": false,
     "label": "The SAP NW SID - ASCS SID ",
     "secured": false,
     "required": true,
     "immutable": false,
     "group_name": "virtualmachine"
    },
    {
     "name" : "vm_HDB_MDCTENANT_ID",
     "type": "string",
     "description": "Target MDC Tenant ID",
     "hidden": false,
     "label": "Target MDC Tenant ID created during HANA installation time",
     "secured": false,
     "required": true,
     "immutable": false,
     "group_name": "virtualmachine"
    },
    {
     "name" : "vm_HDB_MDCTENANT_SCHEMA",
     "type": "string",
     "description": "Target Database Schema name",
     "hidden": false,
     "label": "Target Database Schema name during HANA DB Installation",
     "secured": false,
     "required": true,
     "immutable": false,
     "group_name": "virtualmachine"
    },
    {
     "name" : "vm_NW_INSTANCE_NO",
     "type": "string",
     "description": "Central Service Instance for ABAP (ASCS) system number",
     "hidden": false,
     "label": "Netweaver Instance number. Central Service Instance for ABAP (ASCS) system number. Use another System number thatn 01 as the Primary AS System number is 01 by default.Target Database Schema name during HANA DB Installation",
     "secured": false,
     "required": true,
     "immutable": false,
     "group_name": "virtualmachine"
    },
    {
     "name" : "vm_HDB_RESTORED_TENANT_INSTANCE_NO",
     "type": "string",
     "description": "SAP HANA MDC Tenant Instance number when backup restorted",
     "hidden": false,
     "label": "SAP HANA MDC Tenant Instance number",
     "secured": false,
     "required": true,
     "immutable": false,
     "group_name": "virtualmachine"
    },
    {
     "name" : "vm_NW_DDIC_Password",
     "type": "string",
     "description": "Password of the Data Dictionary (DDIC). must match the one from HANA backup",
     "hidden": false,
     "label": "Password of the Data Dictionary (DDIC).",
     "secured": false,
     "required": true,
     "immutable": false,
     "group_name": "virtualmachine"
    },
    {
     "name" : "vm_NW_Master_Password",
     "type": "string",
     "description": "Master password for all users during SWPM installation.",
     "hidden": false,
     "label": "Master password for all users during SWPM installation",
     "secured": false,
     "required": true,
     "immutable": false,
     "group_name": "virtualmachine"
    },
    {
     "name" : "vm_HDB_Schema_Password",
     "type": "string",
     "description": "Password of the database schema used in the backup file.",
     "hidden": false,
     "label": "Password of the database schema used in the backup file.",
     "secured": false,
     "required": true,
     "immutable": false,
     "group_name": "virtualmachine"
    },
    {
     "name" : "vm_NW_HDB_SYSTEM_Password_Backup",
     "type": "string",
     "description": "Password of user SYSTEM inside the SAP HANA database server from a backup",
     "hidden": false,
     "label": "Password of user SYSTEM inside the SAP HANA database server from a backup",
     "secured": false,
     "required": true,
     "immutable": false,
     "group_name": "virtualmachine"
    },
    {
     "name" : "vm_NW_HDB_Tenant_SYSTEM_Password",
     "type": "string",
     "description": "Password of user SYSTEM of the Tenant Database during HANA installation",
     "hidden": false,
     "label": "Password of user SYSTEM of the Tenant Database during HANA installation",
     "secured": false,
     "required": true,
     "immutable": false,
     "group_name": "virtualmachine"
    }


    ],

  "template_output_params": [
    
    {
      "name": "stack_id",
      "label": "Generated Stack ID",
      "description": "The generated stack id",
      "type": "string",
      "hidden": false,
      "secured": false,
      "group_name": "content_template_output"
    },
    
    {
      "name": "HANA_database_backup_name",
      "label": "HANA database backup",
      "description": "HANA database backup",
      "type": "string",
      "hidden": false,
      "secured": false,
      "group_name": "content_template_output"
    }
  ]
}